{
    "loss": 10.068852424621582,
    "accuracy": 0.5395683646202087
}